"_primaryKey","_firstSeenAt","_lastSeenAt","stockNumber","itemId","salvageId","auctionId","vin","vinStatus","year","make","model","series","bodyStyle","exteriorColor","vehicleType","vehicleCategory","vehicleClass","inventoryStatus","interiorColor","engine","cylinders","transmission","drivetrain","fuelType","hybridIndicator","primaryDamage","primaryDamageCode","secondaryDamage","secondaryDamageCode","lossType","lossTypeCode","titleType","titleCode","titleBrand","titleState","titleNotes","tboIndicator","hasKeys","runAndDrive","startsDesc","mileage","odometerBrand","odometerUnit","airbagState","vehicleGrade","vehicleCondition","catalyticConverter","battery","radiator","crExists","buyNowPrice","minimumBidAmount","estimatedRepairCost","auctionDateTime","timedAuctionIndicator","buyNowIndicator","currencyCode","branchNumber","branchName","branchState","branchLink","locationName","locationAddress","locationCity","locationState","locationZip","locationPhone","locationLatitude","locationLongitude","isOffsite","aisle","stall","sellerName","providerType","origin","countryOfOrigin","whoCanBuy","catIndicator","imageUrl","image360Url","updatedAt","listingUrl"
"44373027_44869514","2026-03-02 23:27:22.503","2026-03-02 23:27:22.503","44373027","62662107","44869514","58479102","[PREMIUM]","OK",2017,"FORD","FUSION","SE","SEDAN","WHITE","AUTOMOBILE","VEHICLE","Sedan","RS",,"1.5L I-4 DI, DOHC, VVT, turbo, 181HP",4,"Automatic","FWD","Gasoline",false,"MECHANICAL","ME","UNKNOWN","UK","Other","2","BillOfSale","CLR",,"CA","DMV FEES $270.00",false,true,false,"Stationary",151324,"ACTUAL","mi","Intact",50,,"Present",,,false,"[PREMIUM]","[PREMIUM]","[PREMIUM]","2026-03-03 17:30:00.000",false,false,"USD","138","Stockton (CA)","CA","138~US","Stockton","3235 Newton Road","Stockton","CA","95205","2092512047",37.99097,-121.26032,false,"G","113","[PREMIUM]","RCC","Remarketing Vehicles","Mexico","DEA,DIS,EXP,REB",false,"[PREMIUM]","[PREMIUM]","2026-03-01 06:52:59.000","[PREMIUM]"
"44468708_44965375","2026-03-02 23:27:01.169","2026-03-02 23:27:01.169","44468708","62742013","44965375","58583924","[PREMIUM]","OK",2018,"HYUNDAI","IONIQ HYBRID","SEL","HATCHBACK","GRAY","AUTOMOBILE","VEHICLE","Hatchback","RS",,"1.6L I-4 DI, DOHC, VVT, 104HP",4,"Automatic","FWD","Hybrid",true,"FRONT END","F","UNDERCARRIAGE","U","Other","2","BillOfSale","CLR",,"CA","DMV FEES DUE $300.00",false,true,false,"Stationary",226623,"ACTUAL","mi","Intact",,,"Present",,,false,"[PREMIUM]","[PREMIUM]","[PREMIUM]","2026-03-03 17:30:00.000",false,false,"USD","337","Fresno (CA)","CA","337~US","Fresno","1805 N Lafayette Ave","Fresno","CA","93705","5592645033",36.767,-119.83821,false,"SE","3","[PREMIUM]","RCC","Remarketing Vehicles","South Korea","DEA,DIS,EXP,REB",false,"[PREMIUM]","[PREMIUM]","2026-03-01 06:55:33.000","[PREMIUM]"
"44470970_44967637","2026-03-02 23:27:01.169","2026-03-02 23:27:01.169","44470970","62742208","44967637","58585622","[PREMIUM]","OK",2008,"TOYOTA","AVALON","XLS","SEDAN","LIGHT BLUE","AUTOMOBILE","VEHICLE","Sedan","RS",,"3.5L V-6 DOHC, VVT, 268HP",6,"Automatic","FWD","Gasoline",false,"FRONT END","F","UNKNOWN","UK","Other","2","BillOfSale","CLR",,"CA",,false,true,true,"Starts",254255,"ACTUAL","mi","Intact",50,,"Present",,,false,"[PREMIUM]","[PREMIUM]","[PREMIUM]","2026-03-03 17:30:00.000",false,false,"USD","337","Fresno (CA)","CA","337~US","Fresno","1805 N Lafayette Ave","Fresno","CA","93705","5592645033",36.767,-119.83821,false,"SE","3","[PREMIUM]","RCC","Donation","United States","DEA,DIS,EXP,REB",false,"[PREMIUM]","[PREMIUM]","2026-03-02 06:49:15.000","[PREMIUM]"
"44323093_44819522","2026-03-02 23:26:52.655","2026-03-02 23:26:52.655","44323093","62716901","44819522","58550851","[PREMIUM]","OK",2018,"CHEVROLET","SILVERADO 2500HD","WT","CREW CAB","WHITE","AUTOMOBILE","VEHICLE","Truck","RS",,"6.0L V-8 VVT, 360HP",8,"Automatic","4x4","FlexibleFuel",false,"LEFT & RIGHT SIDE","BS","UNKNOWN","UK","Other","2","BillOfSale","OTH","CLEAN","AK",,false,true,true," ",108943,"ACTUAL","mi","None",36,," ",,,false,"[PREMIUM]","[PREMIUM]","[PREMIUM]","2026-03-03 17:00:00.000",false,false,"USD","828","Gov Auctions Zone 4","IL","828~US","Anchorage IAA","1446 W Mystery Ave","Wasilla","AK","99654","9073125580",61.59075,-149.48805,false,"GSA","31","[PREMIUM]","RCC","Remarketing Vehicles","United States","SCR,NAB,REB,DIS,DEA,PUB,EXP,LBU",false,"[PREMIUM]","[PREMIUM]","2026-03-02 06:44:48.000","[PREMIUM]"
"44374881_44871368","2026-03-02 23:25:06.746","2026-03-10 20:40:09.963","44374881","62816228","44871368","58621853","[PREMIUM]","OK",2013,"BUICK","VERANO",,"SEDAN","BROWN","AUTOMOBILE","VEHICLE","Sedan","RS",,"2.4L I-4 DI, DOHC, VVT, 180HP",4,"Automatic","FWD","FlexibleFuel",false,"FRONT & REAR","BO","ENGINE DAMAGE","ED","Other","2","BillOfSale","CLR",,"WY","IF TITLE LOST/STOLEN UNABLE TO OBTAIN DUPLICATE",false,true,true,"Starts",200682,"ACTUAL","mi","Intact",29,,"Present",,,false,"[PREMIUM]","[PREMIUM]","[PREMIUM]","2026-03-17 15:30:00.000",false,true,"USD","374","Denver East (CO)","CO","374~US","Denver East","8510 Brighton Rd.","Commerce City","CO","80022","3032879737",39.85025,-104.91607,false,"SB","4","[PREMIUM]","RCC","Remarketing Vehicles","United States","DEA,DIS,EXP,REB,SCR",false,"[PREMIUM]","[PREMIUM]","2026-03-10 17:32:03.000","[PREMIUM]"
"44470313_44966980","2026-03-02 23:24:56.210","2026-03-02 23:24:56.210","44470313","62742159","44966980","58585380","[PREMIUM]","OK",2005,"PONTIAC","SUNFIRE",,"COUPE","BLACK","AUTOMOBILE","VEHICLE","Coupe","RS",,"2.2L I-4 DOHC, 140HP",4,"Automatic","FWD","Gasoline",false,"LEFT SIDE","LS",,,"Other","2","BillOfSale","CLR",,"CO","IF TITLE LOST/STOLEN UNABLE TO OBTAIN DUPLICATE",false,true,true,"Starts",167992,"ACTUAL","mi","Intact",40,,"Present",,,false,"[PREMIUM]","[PREMIUM]","[PREMIUM]","2026-03-03 16:30:00.000",false,false,"USD","374","Denver East (CO)","CO","374~US","Denver East","8510 Brighton Rd.","Commerce City","CO","80022","3032879737",39.85025,-104.91607,false,"SD","5","[PREMIUM]","RCC","Donation","Mexico","DEA,DIS,EXP,REB,SCR",false,"[PREMIUM]","[PREMIUM]","2026-02-28 07:16:47.000","[PREMIUM]"
"44498097_44994823","2026-03-02 23:24:56.077","2026-03-10 17:37:29.174","44498097","62818672","44994823","58652897","[PREMIUM]","OK",2009,"NISSAN","ALTIMA","2.5 S","COUPE","GRAY","AUTOMOBILE","VEHICLE","Coupe","RS",,"2.5L I-4 DOHC, VVT, 170HP",4,"Automatic","FWD","Gasoline",false,"FRONT & REAR","BO","RIGHT SIDE","RS","Other","2","BillOfSale","CLR",,"CO","IF TITLE LOST/STOLEN UNABLE TO OBTAIN DUPLICATE",false,true,true,"Starts",177879,"ACTUAL","mi","Intact",50,,"Present",,,false,"[PREMIUM]","[PREMIUM]","[PREMIUM]","2026-03-17 15:30:00.000",false,true,"USD","374","Denver East (CO)","CO","374~US","Denver East","8510 Brighton Rd.","Commerce City","CO","80022","3032879737",39.85025,-104.91607,false,"SD","23","[PREMIUM]","RCC","Remarketing Vehicles","United States","DEA,DIS,EXP,REB,SCR",false,"[PREMIUM]","[PREMIUM]","2026-03-10 16:51:01.000","[PREMIUM]"
"44283244_44779580","2026-03-02 23:20:50.176","2026-03-02 23:20:50.176","44283244","62661909","44779580","58486142","[PREMIUM]","OK",2007,"CHEVROLET","HHR","LT","SPORT UTILITY","BLACK","AUTOMOBILE","VEHICLE","Wagon/Hatchback","RS",,"2.4L I-4 DOHC, VVT, 175HP",4,"Automatic","FWD","Gasoline",false,"NORMAL WEAR & TEAR","WT",,,"Other","2","BillOfSale","CLR","DUPLICATE","MO","TITLE MI EXEMPT/DUPLICATE",false,true,false,"Stationary",184263,"NOT REQUIRED/EXEMPT","mi","Intact",48,,"Present",,,false,"[PREMIUM]","[PREMIUM]","[PREMIUM]","2026-03-03 15:30:00.000",false,false,"USD","524","St. Louis (IL)","IL","524~US","IAA St. Louis Off-Site Granite City","4460 State Route 162","Granite City","IL","62040","6187970200",38.72537,-90.05797,false,"2G","14","[PREMIUM]","RCC","Donation","Mexico","DEA,DIS,EXP,LBU,REB,SCR",false,"[PREMIUM]","[PREMIUM]","2026-02-27 07:15:42.000","[PREMIUM]"
"44367908_44864395","2026-03-02 23:20:09.933","2026-03-02 23:20:09.933","44367908","62773238","44864395","58578989","[PREMIUM]","OK",2006,"NISSAN","MAXIMA","3.5 SE","SEDAN","BLACK","AUTOMOBILE","VEHICLE","Sedan","RS",,"3.5L V-6 DOHC, VVT, 265HP",6,"Automatic","FWD","Gasoline",false,"FRONT END","F","EXTERIOR BURN","XB","Other","2","BillOfSale","OTH",,"WI",,false,true,true,"Starts",105401,"ACTUAL","mi","Intact",30,,"Present",,,false,"[PREMIUM]","[PREMIUM]","[PREMIUM]","2026-03-03 15:30:00.000",false,false,"USD","521","Milwaukee (WI)","WI","521~US","Milwaukee","N70 W25277 INDIAN GRASS LANE","SUSSEX","WI","53089","2622468822",43.14664,-88.25082,false,"A","42","[PREMIUM]","INS","Insurance","United States","DEA,DIS,EXP,REB,SCR",false,"[PREMIUM]","[PREMIUM]","2026-02-28 07:13:11.000","[PREMIUM]"
"44501229_44997985","2026-03-02 23:19:46.954","2026-03-04 07:50:22.249","44501229","62818692","44997985","58624030","[PREMIUM]","OK",2022,"TOYOTA","TUNDRA","PLATINUM","CREW CAB","BLACK","AUTOMOBILE","VEHICLE","Truck","RS",,"3.4L V-6 DI, DOHC, VVT, turbo, 389HP",6,"Automatic","4x4","Gasoline",false,"NORMAL WEAR & TEAR","WT",,,"Other","2","BillOfSale","CLR","TBO","TN","VEHICLE BEING SOLD WITH TITLE PENDING - TBO",true,true,true," ",34013,"NOT ACTUAL","mi","Intact",50,," ",,,false,"[PREMIUM]","[PREMIUM]","[PREMIUM]","2026-03-10 14:30:00.000",false,true,"USD","461","McAllen (TX)","TX","461~US","Dominguez Auto Sales","5822 S 23rd St","Mcallen","TX","78503","9564587289",26.1562,-98.25377,false,"off","1","[PREMIUM]","RCC","Remarketing Vehicles","United States","DEA,DIS,LBU,REB,SCR",false,"[PREMIUM]","[PREMIUM]","2026-03-04 07:37:38.000","[PREMIUM]"
"44461172_44957839","2026-03-02 23:19:46.829","2026-03-02 23:19:46.829","44461172","62741422","44957839","58564949","[PREMIUM]","OK",2011,"MAZDA","MAZDA6","I TOURING","SEDAN","PURPLE","AUTOMOBILE","VEHICLE","Sedan","RS",,"2.5L I-4 DOHC, VVT, 168HP",4,"Automatic","FWD","Gasoline",false,"LEFT FRONT","LF",,,"Other","2","BillOfSale","CLR",,"AL",,false,true,true,"Starts",207897,"ACTUAL","mi","Intact",50,,"Present",,,false,"[PREMIUM]","[PREMIUM]","[PREMIUM]","2026-03-03 15:30:00.000",false,false,"USD","731","Dothan (AL)","AL","731~US","Dothan","15994 US Highway 431 N","Headland","AL","36345","3346934910",31.36514,-85.32795,false,"SB","6","[PREMIUM]","RCC","Donation","United States","DEA,DIS,EXP,REB,SCR",false,"[PREMIUM]","[PREMIUM]","2026-02-28 07:16:31.000","[PREMIUM]"
"44465660_44962327","2026-03-02 23:19:46.537","2026-03-02 23:19:46.537","44465660","62741749","44962327","58566100","[PREMIUM]","OK",2014,"TOYOTA","PRIUS V","FIVE","WAGON","BLACK","AUTOMOBILE","VEHICLE","Wagon","RS",,"1.8L I-4 DOHC, VVT, 98HP",4,"Automatic","FWD","Hybrid",true,"RIGHT REAR","RR","UNKNOWN","UK","Other","2","BillOfSale","CLR",,"MO",,false,true,true,"Starts",146750,"ACTUAL","mi","Intact",50,,"Present",,,false,"[PREMIUM]","[PREMIUM]","[PREMIUM]","2026-03-03 15:30:00.000",false,false,"USD","524","St. Louis (IL)","IL","524~US","IAA St. Louis Off-Site Granite City","4460 State Route 162","Granite City","IL","62040","6187970200",38.72537,-90.05797,false,"2L","18","[PREMIUM]","RCC","Remarketing Vehicles","Japan","DEA,DIS,EXP,LBU,REB,SCR",false,"[PREMIUM]","[PREMIUM]","2026-03-02 06:49:08.000","[PREMIUM]"
"44498485_44995211","2026-03-02 23:19:46.535","2026-03-04 07:50:22.248","44498485","62818676","44995211","58624017","[PREMIUM]","OK",2005,"CHEVROLET","SILVERADO 1500","Z71","CREW CAB","RED","AUTOMOBILE","VEHICLE","Truck","RS",,"5.3L V-8 295HP",8,"Automatic","4x4","Gasoline",false,"LEFT REAR","LR","RIGHT REAR","RR","Other","2","BillOfSale","ORG",,"TX",,false,false,false,"Stationary",288112,"NOT ACTUAL","mi","Intact",43,,"Present",,,false,"[PREMIUM]","[PREMIUM]","[PREMIUM]","2026-03-10 14:30:00.000",false,true,"USD","418","Austin (TX)","TX","418~US","Austin - IAA","2191 Highway 21 West","Dale","TX","78616","5123218075",30.06812,-97.5787,false,"SH","43","[PREMIUM]","RCC","Remarketing Vehicles","Canada","DEA,DIS,EXP,REB,SCR,TFB",false,"[PREMIUM]","[PREMIUM]","2026-03-04 07:37:32.000","[PREMIUM]"
"44493994_44990720","2026-03-02 23:19:34.574","2026-03-02 23:19:34.574","44493994","62763508","44990720","58587161","[PREMIUM]","OK",2014,"TOYOTA","CAMRY","SE","SEDAN","BLACK","AUTOMOBILE","VEHICLE","Sedan","RS",,"2.5L I-4 DOHC, VVT, 178HP",4,"Automatic","FWD","Gasoline",false,"NORMAL WEAR & TEAR","WT",,,"Other","2","BillOfSale","CLR",,"MO",,false,true,true,"Starts",160030,"ACTUAL","mi","Intact",50,,"Present",,,false,"[PREMIUM]","[PREMIUM]","[PREMIUM]","2026-03-03 15:30:00.000",false,false,"USD","524","St. Louis (IL)","IL","524~US","IAA St. Louis Off-Site Granite City","4460 State Route 162","Granite City","IL","62040","6187970200",38.72537,-90.05797,false,"2M","9","[PREMIUM]","RCC","Remarketing Vehicles","United States","DEA,DIS,EXP,LBU,REB,SCR",false,"[PREMIUM]","[PREMIUM]","2026-03-02 06:49:38.000","[PREMIUM]"
"44495810_44992536","2026-03-02 23:19:34.574","2026-03-04 07:50:22.267","44495810","62818655","44992536","58623999","[PREMIUM]","OK",2018,"TOYOTA","CAMRY","LE","SEDAN","WHITE","AUTOMOBILE","VEHICLE","Sedan","RS",,"2.5L I-4 DI, DOHC, VVT, 203HP",4,"Automatic","FWD","Gasoline",false,"LEFT FRONT","LF","UNKNOWN","UK","Other","2","BillOfSale","ORG","TBO","TX","VEHICLE BEING SOLD WITH TITLE PENDING - TBO",true,true,true,"Starts",210078,"ACTUAL","mi","Intact",42,,"Present",,,false,"[PREMIUM]","[PREMIUM]","[PREMIUM]","2026-03-10 14:30:00.000",false,true,"USD","461","McAllen (TX)","TX","461~US","McAllen","900 N Hutto Road","Donna","TX","78537","9564648393",26.18597,-98.06541,false,"M","35","[PREMIUM]","RCC","Remarketing Vehicles","United States","DEA,DIS,LBU,REB,SCR",false,"[PREMIUM]","[PREMIUM]","2026-03-04 07:37:26.000","[PREMIUM]"
"44498423_44995149","2026-03-02 23:19:34.571","2026-03-04 07:50:22.264","44498423","62818674","44995149","58624015","[PREMIUM]","OK",2007,"CADILLAC","DTS","LUXURY I","SEDAN","LIGHT BLUE","AUTOMOBILE","VEHICLE","Sedan","RS",,"4.6L V-8 DOHC, 275HP",8,"Automatic","FWD","Gasoline",false,"RIGHT FRONT","RF","UNKNOWN","UK","Other","2","BillOfSale","ORG",,"TX","PREV REPO",false,true,false,"Stationary",110971,"ACTUAL","mi","Intact",41,,"Present",,,false,"[PREMIUM]","[PREMIUM]","[PREMIUM]","2026-03-10 14:30:00.000",false,true,"USD","418","Austin (TX)","TX","418~US","Austin - IAA","2191 Highway 21 West","Dale","TX","78616","5123218075",30.06812,-97.5787,false,"SH","43","[PREMIUM]","RCC","Remarketing Vehicles","United States","DEA,DIS,EXP,REB,SCR,TFB",false,"[PREMIUM]","[PREMIUM]","2026-03-04 07:37:32.000","[PREMIUM]"
"44494200_44990926","2026-03-02 23:19:34.565","2026-03-11 02:41:34.595","44494200","62818633","44990926","58623979","[PREMIUM]","OK",2015,"FORD","FUSION","SE","SEDAN","SILVER","AUTOMOBILE","VEHICLE","Sedan","RS",,"1.5L I-4 DI, DOHC, VVT, turbo, 181HP",4,"Automatic","FWD","Gasoline",false,"FRONT END","F","RIGHT REAR","RR","Other","2","BillOfSale","CLR",,"AR",,false,true,true,"Starts",210488,"ACTUAL","mi","Intact",33,,"Present",,,false,"[PREMIUM]","[PREMIUM]","[PREMIUM]","2026-03-17 14:30:00.000",false,true,"USD","738","Memphis (TN)","TN","738~US","Memphis","3033 Fite Rd","Millington","TN","38053","9017949901",35.27367,-89.96206,false,"M","52","[PREMIUM]","RCC","Remarketing Vehicles","Mexico","DEA,DIS,EXP,REB,SCR",false,"[PREMIUM]","[PREMIUM]","2026-03-10 20:50:06.000","[PREMIUM]"
"44495696_44992422","2026-03-02 23:19:34.559","2026-03-10 20:40:31.243","44495696","62818654","44992422","58623998","[PREMIUM]","OK",2016,"KIA","OPTIMA","LX","SEDAN","BLUE","AUTOMOBILE","VEHICLE","Sedan","RS",,"2.4L I-4 DI, DOHC, VVT, 185HP",4,"Automatic","FWD","Gasoline",false,"UNKNOWN","UK",,,"Other","2","BillOfSale","CLR",,"MO",,false,true,true,"Starts",157177,"ACTUAL","mi","Intact",,,"Present",,,false,"[PREMIUM]","[PREMIUM]","[PREMIUM]","2026-03-17 14:30:00.000",false,true,"USD","524","St. Louis (IL)","IL","524~US","IAA St. Louis Off-Site Granite City","4460 State Route 162","Granite City","IL","62040","6187970200",38.72537,-90.05797,false,"2A","4","[PREMIUM]","DLR","Remarketing Vehicles","United States","DEA,DIS,EXP,LBU,REB,SCR",false,"[PREMIUM]","[PREMIUM]","2026-03-10 20:24:01.000","[PREMIUM]"
"44291192_44787571","2026-03-02 23:14:36.335","2026-03-02 23:14:36.335","44291192","62661916","44787571","58527928","[PREMIUM]","OK",2005,"SUBARU","OUTBACK","2.5I","WAGON","GOLD","AUTOMOBILE","VEHICLE","Wagon/Crossover","RS",,"2.5L H-4 168HP",4,"Automatic","AWD","Gasoline",false,"LEFT & RIGHT SIDE","BS","ROOF","OF","Other","2","BillOfSale","CLR",,"VA","CANNOT GET DUPLICATE TITLE",false,false,false,"Stationary",203133,"ACTUAL","mi","Intact",50,,"Present",,,false,"[PREMIUM]","[PREMIUM]","[PREMIUM]","2026-03-03 14:30:00.000",false,false,"USD","782","Roanoke (VA)","VA","782~US","Roanoke","1576 Quarterwood Rd","Montvale","VA","24122","5408023001",37.37191,-79.72064,false,"SD","13","[PREMIUM]","RCC","Donation","United States","DEA,DIS,EXP,REB,SCR",false,"[PREMIUM]","[PREMIUM]","2026-02-25 07:27:08.000","[PREMIUM]"
"44301409_44797789","2026-03-02 23:14:25.770","2026-03-10 17:37:29.166","44301409","62814303","44797789","58619973","[PREMIUM]","OK",2007,"HONDA","CIVIC","LX","COUPE","BLACK","AUTOMOBILE","VEHICLE","Coupe","RS",,"1.8L I-4 VVT, 140HP",4,"Automatic","FWD","Gasoline",false,"FRONT END","F","UNKNOWN","UK","Other","2","BillOfSale","CLR",,"PA",,false,true,true,"Starts",188355,"ACTUAL","mi","Intact",27,,"Present",,,false,"[PREMIUM]","[PREMIUM]","[PREMIUM]","2026-03-17 13:30:00.000",false,true,"USD","649","Pittsburgh (PA)","PA","649~US","Pittsburgh","57 Woodlawn Road","Aliquippa","PA","15001","7243756130",40.62434,-80.2414,false,"B","22","[PREMIUM]","RCC","Remarketing Vehicles","Canada","DEA,DIS,EXP,LBU,REB,SCR",false,"[PREMIUM]","[PREMIUM]","2026-03-10 14:19:06.000","[PREMIUM]"
"44313172_44809577","2026-03-02 23:14:25.218","2026-03-02 23:14:25.218","44313172","62661932","44809577","58548988","[PREMIUM]","OK",2003,"TOYOTA","COROLLA","LE","SEDAN","CHAMPAGNE","AUTOMOBILE","VEHICLE","Sedan","RS",,"1.8L I-4 DOHC, VVT, 130HP",4,"Automatic","FWD","Gasoline",false,"RIGHT FRONT","RF",,,"Other","2","BillOfSale","CLR",,"NY",,false,true,true,"Starts",195593,"ACTUAL","mi","Intact",45,,"Present",,,false,"[PREMIUM]","[PREMIUM]","[PREMIUM]","2026-03-03 14:30:00.000",false,false,"USD","613","Long Island (NY)","NY","613~US","LI - North Yard - 613","156 Peconic Ave","Medford","NY","11763","6312073477",40.81627,-72.9866,false,"NN","8","[PREMIUM]","SDS","Remarketing Vehicles","United States","DEA,DIS,REB,SCR",false,"[PREMIUM]","[PREMIUM]","2026-03-01 06:50:58.000","[PREMIUM]"
"44315983_44812388","2026-03-02 23:14:14.587","2026-03-02 23:14:14.587","44315983","62756315","44812388","58561169","[PREMIUM]","OK",2000,"GMC","SONOMA","SLS","EXTENDED CAB","DARK BLUE","AUTOMOBILE","VEHICLE","Truck","RS",,"4.3L V-6 180HP",6,"Automatic","4x2","Gasoline",false,"FRONT END","F",,,"Other","2","BillOfSale","SAL",,"OH",,false,true,true,"Starts",184842,"ACTUAL","mi","Intact",27,,"Present",,,false,"[PREMIUM]","[PREMIUM]","[PREMIUM]","2026-03-03 14:30:00.000",false,false,"USD","663","Cleveland (OH)","OH","663~US","Vermilion - North Ford Lot","8149 W. Erie","Vermilion","OH","44089","4409601050",41.42864,-82.27882,false,"VM","15","[PREMIUM]","INS","Insurance","United States","DEA,DIS,EXP,FQO,LBU,NAB,PUB,REB,SCR",false,"[PREMIUM]","[PREMIUM]","2026-02-27 07:17:10.000","[PREMIUM]"
"44342144_44838584","2026-03-02 23:14:03.953","2026-03-02 23:14:03.953","44342144","62585219","44838584","58525086","[PREMIUM]","OK",2016,"BUICK","REGAL","TURBO/E-ASSIST PREMIUM I","SEDAN","BLACK","AUTOMOBILE","VEHICLE","Sedan","RS",,"2.0L I-4 DI, DOHC, VVT, turbo, 259HP",4,"Automatic","FWD","Gasoline",false,"LEFT SIDE","LS","UNKNOWN","UK","Collision","0","BillOfSale","CLR",,"VA",,false,true,true,"Starts",111235,"ACTUAL","mi","Intact",42,,"Present",,,false,"[PREMIUM]","[PREMIUM]","[PREMIUM]","2026-03-03 14:30:00.000",false,false,"USD","765","Suffolk (VA)","VA","765~US","Suffolk","1389 Portsmouth Blvd.","Suffolk","VA","23434","7575390571",36.74922,-76.52014,false,"SAH","14","[PREMIUM]","INS","Insurance","Canada","DEA,DIS,EXP,REB,SCR",false,"[PREMIUM]","[PREMIUM]","2026-03-01 06:51:59.000","[PREMIUM]"
"44356556_44853018","2026-03-02 23:13:42.230","2026-03-02 23:13:42.230","44356556","62716960","44853018","58564592","[PREMIUM]","OK",2014,"HONDA","ACCORD","EX","SEDAN","BURGUNDY","AUTOMOBILE","VEHICLE","Sedan","RS",,"2.4L I-4 DI, DOHC, VVT, 185HP",4,"Automatic","FWD","Gasoline",false,"FRONT END","F","LEFT & RIGHT SIDE","BS","Collision","0","BillOfSale","CLR","REASSIGNMENT","NJ","PRIOR ACCIDENT REPORTED ON AUTOCHECK",false,true,true,"Starts",111237,"ACTUAL","mi","Deployed",,,"Present",,,false,"[PREMIUM]","[PREMIUM]","[PREMIUM]","2026-03-03 14:30:00.000",false,false,"USD","612","Southern New Jersey (NJ)","NJ","612~US","Southern New Jersey","250 Blackwood Barnsboro Rd","Turnersville","NJ","08012","8562278760",39.78902,-75.08691,false,"L","3","[PREMIUM]","DLR","Remarketing Vehicles","United States","DEA,DIS,EXP,REB,SCR",false,"[PREMIUM]","[PREMIUM]","2026-03-01 06:52:29.000","[PREMIUM]"
"44355000_44851462","2026-03-02 23:13:42.207","2026-03-02 23:13:42.207","44355000","62757156","44851462","58561985","[PREMIUM]","OK",2012,"CHEVROLET","SILVERADO 1500","LT","CREW CAB","RED","AUTOMOBILE","VEHICLE","Truck","RS","Black","5.3L V-8 VVT, 315HP",8,"Automatic","4x4","FlexibleFuel",false,"RIGHT FRONT","RF",,,"Other","2","BillOfSale","SAL",,"OH",,false,true,true,"Starts",218431,"ACTUAL","mi","Deployed",40,"Complete","Present","Present","Present",false,"[PREMIUM]","[PREMIUM]","[PREMIUM]","2026-03-03 14:30:00.000",false,false,"USD","663","Cleveland (OH)","OH","663~US","Cleveland","7437 Deer Trail Lane","Lorain","OH","44053","8779176877",41.41185,-82.27701,false,"M","65","[PREMIUM]","INS","Insurance","United States","DEA,DIS,EXP,FQO,LBU,NAB,PUB,REB,SCR",false,"[PREMIUM]","[PREMIUM]","2026-02-27 07:19:05.000","[PREMIUM]"
"44367630_44864117","2026-03-02 23:13:31.537","2026-03-02 23:13:31.537","44367630","62737852","44864117","58542566","[PREMIUM]","OK",2011,"NISSAN","MAXIMA","3.5 SV","SEDAN","WHITE","AUTOMOBILE","VEHICLE","Sedan","RS","Black","3.5L V-6 DOHC, VVT, 290HP",6,"Automatic","FWD","Gasoline",false,"FRONT END","F","UNKNOWN","UK","Collision","0","BillOfSale","CLR","CLEAR - INSURANCE SALVAGE","MA",,false,true,false,"Stationary",161263,"ACTUAL","mi","Intact",26,"Complete","Present","Present","Present",false,"[PREMIUM]","[PREMIUM]","[PREMIUM]","2026-03-03 14:30:00.000",false,false,"USD","644","Providence (RI)","RI","644~US","Providence","160 Amaral St","Riverside","RI","02915","4014383293",41.76507,-71.35642,false,"G","19","[PREMIUM]","INS","Insurance","United States","DEA,DIS,EXP,REB,SCR",false,"[PREMIUM]","[PREMIUM]","2026-03-01 06:52:49.000","[PREMIUM]"
"44372698_44869185","2026-03-02 23:13:20.580","2026-03-02 23:13:20.580","44372698","62757512","44869185","58562326","[PREMIUM]","OK",2015,"SUBARU","WRX","LIMITED","SEDAN","RED","AUTOMOBILE","VEHICLE","Sedan","RS",,"2.0L H-4 DI, DOHC, VVT, turbo, 268HP",4,"Manual","AWD","Gasoline",false,"FRONT END","F","LEFT & RIGHT SIDE","BS","Collision","0","BillOfSale","SAL",,"PA",,false,true,false,"Stationary",115326,"NOT ACTUAL","mi","Intact",13,,"Present",,,false,"[PREMIUM]","[PREMIUM]","[PREMIUM]","2026-03-03 14:30:00.000",false,false,"USD","649","Pittsburgh (PA)","PA","649~US","Pittsburgh","57 Woodlawn Road","Aliquippa","PA","15001","7243756130",40.62434,-80.2414,false,"C","4","[PREMIUM]","INS","Insurance","Japan","DEA,DIS,EXP,LBU,REB,SCR",false,"[PREMIUM]","[PREMIUM]","2026-02-27 07:19:54.000","[PREMIUM]"
"44477629_44974308","2026-03-02 23:12:46.459","2026-03-02 23:12:46.459","44477629","62761115","44974308","58582808","[PREMIUM]","OK",2021,"DODGE","CHARGER","SXT RWD","SEDAN","SILVER","AUTOMOBILE","VEHICLE","Sedan","RS",,"3.6L V-6 DOHC, VVT, 292HP",6,"Automatic","RWD","FlexibleFuel",false,"NORMAL WEAR & TEAR","WT",,,"Other","2","BillOfSale","OTH","CLEAN","VA",,false,true,true," ",62956,"ACTUAL","mi","Intact",50,," ",,,false,"[PREMIUM]","[PREMIUM]","[PREMIUM]","2026-03-03 14:00:00.000",false,false,"USD","825","Gov Auctions Zone 1","IL","825~US","Northern Virginia","15 Le-Way Drive","Fredericksburg","VA","22406","5403737800",38.3531,-77.51393,false,"GSA","10","[PREMIUM]","RCC","Remarketing Vehicles","Canada","SCR,NAB,REB,DIS,DEA,PUB,EXP,LBU",false,"[PREMIUM]","[PREMIUM]","2026-03-02 06:49:26.000","[PREMIUM]"
"44424760_44921352","2026-03-02 23:12:35.899","2026-03-02 23:12:35.899","44424760","62759649","44921352","58581080","[PREMIUM]","OK",2019,"CHEVROLET","IMPALA","LS","SEDAN","SILVER","AUTOMOBILE","VEHICLE","Sedan","RS","Gray","3.6L V-6 DI, DOHC, VVT, 305HP",6,"Automatic","FWD","Gasoline",false,"NORMAL WEAR & TEAR","WT",,,"Other","2","BillOfSale","OTH","CLEAN","VA",,false,true,true,"Starts",18507,"ACTUAL","mi","Intact",50,,"Present",,,false,"[PREMIUM]","[PREMIUM]","[PREMIUM]","2026-03-03 14:00:00.000",false,false,"USD","825","Gov Auctions Zone 1","IL","825~US","Northern Virginia","15 Le-Way Drive","Fredericksburg","VA","22406","5403737800",38.3531,-77.51393,false,"GSA","10","[PREMIUM]","RCC","Remarketing Vehicles","Canada","SCR,NAB,REB,DIS,DEA,PUB,EXP,LBU",false,"[PREMIUM]","[PREMIUM]","2026-03-02 06:48:04.000","[PREMIUM]"
"44501833_44998589","2026-03-02 23:12:35.349","2026-03-02 23:12:35.349","44501833","62765973","44998589","58586395","[PREMIUM]","OK",2017,"NISSAN","VERSA","1.6 S+","SEDAN","GRAY","AUTOMOBILE","VEHICLE","Sedan","RS",,"1.6L I-4 DOHC, VVT, 109HP",4,"Automatic","FWD","Gasoline",false,"FRONT END","F",,,"Other","2","BillOfSale","ORG",,"WV","EMV50",false,true,true,"Starts",148762,"ACTUAL","mi","Intact",36,,"Present",,,false,"[PREMIUM]","[PREMIUM]","[PREMIUM]","2026-03-03 14:30:00.000",false,false,"USD","613","Long Island (NY)","NY","613~US","Long Island","66 Peconic Ave","Medford","NY","11763","6312073477",40.81666,-72.97355,false,"KA","45","[PREMIUM]","RCC","Remarketing Vehicles","Mexico","DEA,DIS,EXP,REB,SCR",false,"[PREMIUM]","[PREMIUM]","2026-02-28 07:17:32.000","[PREMIUM]"
"44499410_44996136","2026-03-02 23:12:35.340","2026-03-10 17:37:29.711","44499410","62818683","44996136","58624022","[PREMIUM]","OK",2015,"TOYOTA","CAMRY","LE","SEDAN","BLUE","AUTOMOBILE","VEHICLE","Sedan","RS",,"2.5L I-4 DOHC, VVT, 178HP",4,"Automatic","FWD","Gasoline",false,"FRONT & REAR","BO","LEFT REAR","LR","Other","2","BillOfSale","CLR",,"FL",,false,true,false,"Stationary",150991,"ACTUAL","mi","Intact",29,,"Present",,,false,"[PREMIUM]","[PREMIUM]","[PREMIUM]","2026-03-17 13:30:00.000",false,true,"USD","712","Jacksonville (FL)","FL","712~US","Jacksonville (Pecan Park)","186 Pecan Park Rd","Jacksonville","FL","32218","9047686500",30.51696,-81.62752,false,"J","58","[PREMIUM]","RCC","Remarketing Vehicles","United States","DEA,DIS,EXP,LBU,REB,SCR",false,"[PREMIUM]","[PREMIUM]","2026-03-10 14:00:33.000","[PREMIUM]"
"44491910_44988636","2026-03-02 23:12:34.813","2026-03-06 03:26:16.873","44491910","62818613","44988636","58623961","[PREMIUM]","OK",2012,"MAZDA","MAZDA2","TOURING","HATCHBACK","RED","AUTOMOBILE","VEHICLE","Hatchback","RS",,"1.5L I-4 DOHC, VVT, 100HP",4,"Automatic","FWD","Gasoline",false,"FRONT END","F","UNKNOWN","UK","Other","2","BillOfSale","ORG",,"OH","TEXAS REASSIGNMENT",false,true,false,"Stationary",209823,"ACTUAL","mi","Intact",18,,"Present",,,false,"[PREMIUM]","[PREMIUM]","[PREMIUM]","2026-03-10 13:30:00.000",false,true,"USD","649","Pittsburgh (PA)","PA","649~US","Pittsburgh","57 Woodlawn Road","Aliquippa","PA","15001","7243756130",40.62434,-80.2414,false,"A","18","[PREMIUM]","RCC","Remarketing Vehicles","Japan","DEA,DIS,EXP,LBU,REB,SCR",false,"[PREMIUM]","[PREMIUM]","2026-03-04 07:37:18.000","[PREMIUM]"
"44492614_44989340","2026-03-02 23:12:34.796","2026-03-06 03:26:16.866","44492614","62818618","44989340","58623966","[PREMIUM]","OK",2006,"TOYOTA","PRIUS",,"SEDAN","RED","AUTOMOBILE","VEHICLE","Hatchback","RS",,"1.5L I-4 DOHC, VVT, 76HP",4,"Automatic","FWD","Hybrid",true,"FRONT END","F","UNKNOWN","UK","Other","2","BillOfSale","CLR",,"NY","CANNOT GET DUP TITLE/ PREV DMG/ OPEN RECALL",false,true,false," ",1,"NOT REQUIRED/EXEMPT","mi","Intact",17,,"Present",,,false,"[PREMIUM]","[PREMIUM]","[PREMIUM]","2026-03-10 13:30:00.000",false,true,"USD","765","Suffolk (VA)","VA","765~US","Suffolk","1389 Portsmouth Blvd.","Suffolk","VA","23434","7575390571",36.74922,-76.52014,false,"SAK","41","[PREMIUM]","RCC","Remarketing Vehicles","Japan","DEA,DIS,EXP,REB,SCR",false,"[PREMIUM]","[PREMIUM]","2026-03-04 07:37:20.000","[PREMIUM]"
"44491734_44988460","2026-03-02 23:12:34.796","2026-03-10 17:37:29.715","44491734","62818608","44988460","58623956","[PREMIUM]","OK",2007,"TOYOTA","PRIUS",,"SEDAN","GREEN","AUTOMOBILE","VEHICLE","Hatchback","RS",,"1.5L I-4 DOHC, VVT, 76HP",4,"Automatic","FWD","Hybrid",true,"LEFT SIDE","LS","REAR","R","Other","2","BillOfSale","CLR",,"FL",,false,true,false,"Stationary",85231,"ACTUAL","mi","Intact",50,,"Present",,,false,"[PREMIUM]","[PREMIUM]","[PREMIUM]","2026-03-17 13:30:00.000",false,true,"USD","712","Jacksonville (FL)","FL","712~US","Jacksonville (Pecan Park)","186 Pecan Park Rd","Jacksonville","FL","32218","9047686500",30.51696,-81.62752,false,"J","40","[PREMIUM]","RCC","Remarketing Vehicles","Japan","DEA,DIS,EXP,LBU,REB,SCR",false,"[PREMIUM]","[PREMIUM]","2026-03-10 14:04:05.000","[PREMIUM]"
"44495661_44992387","2026-03-02 23:12:34.786","2026-03-06 03:26:16.865","44495661","62818652","44992387","58623996","[PREMIUM]","OK",2013,"FORD","FUSION","SE","SEDAN","BLACK","AUTOMOBILE","VEHICLE","Sedan","RS",,"2.5L I-4 DOHC, VVT, 175HP",4,"Automatic","FWD","Gasoline",false,"NORMAL WEAR & TEAR","WT",,,"Other","2","BillOfSale","CLR",,"FL",,false,true,true,"Starts",152422,"ACTUAL","mi","Intact",30,,"Present",,,false,"[PREMIUM]","[PREMIUM]","[PREMIUM]","2026-03-10 13:30:00.000",false,true,"USD","749","Fort Myers (FL)","FL","749~US","Fort Myers","11950 FL-82","Fort Myers","FL","33913","2399978673",26.60735,-81.76533,false,"SE","21","[PREMIUM]","RCC","Remarketing Vehicles","Mexico","DEA,DIS,EXP,LBU,REB,SCR",false,"[PREMIUM]","[PREMIUM]","2026-03-04 07:37:26.000","[PREMIUM]"
"44485506_44982213","2026-03-02 23:12:34.785","2026-03-10 17:37:30.281","44485506","62818549","44982213","58650034","[PREMIUM]","OK",2005,"CHEVROLET","SILVERADO 1500","WORK TRUCK","REGULAR CAB","WHITE","AUTOMOBILE","VEHICLE","Truck","RS",,"4.3L V-6 195HP",6,"Automatic","4x2","Gasoline",false,"FRONT END","F",,,"Other","2","BillOfSale","CLR",,"FL",,false,true,true,"Starts",256948,"NOT REQUIRED/EXEMPT","mi","Intact",50,,"Present",,,false,"[PREMIUM]","[PREMIUM]","[PREMIUM]","2026-03-17 13:30:00.000",false,true,"USD","712","Jacksonville (FL)","FL","712~US","Jacksonville (Pecan Park)","186 Pecan Park Rd","Jacksonville","FL","32218","9047686500",30.51696,-81.62752,false,"I","28","[PREMIUM]","RCC","Remarketing Vehicles","United States","DEA,DIS,EXP,LBU,REB,SCR",false,"[PREMIUM]","[PREMIUM]","2026-03-10 14:27:03.000","[PREMIUM]"
"44466243_44962911","2026-03-02 23:12:24.213","2026-03-02 23:12:24.213","44466243","62741797","44962911","58564687","[PREMIUM]","OK",2016,"VOLKSWAGEN","PASSAT","1.8T S","SEDAN","WHITE","AUTOMOBILE","VEHICLE","Sedan","RS",,"1.8L I-4 DI, DOHC, VVT, turbo, 170HP",4,"Automatic","FWD","Gasoline",false,"RIGHT SIDE","RS","UNKNOWN","UK","Other","2","BillOfSale","CLR",,"PA",,false,true,true,"Starts",146164,"ACTUAL","mi","Intact",50,,"Present",,,false,"[PREMIUM]","[PREMIUM]","[PREMIUM]","2026-03-03 14:30:00.000",false,false,"USD","649","Pittsburgh (PA)","PA","649~US","Pittsburgh","57 Woodlawn Road","Aliquippa","PA","15001","7243756130",40.62434,-80.2414,false,"A","17","[PREMIUM]","RCC","Remarketing Vehicles","United States","DEA,DIS,EXP,LBU,REB,SCR",false,"[PREMIUM]","[PREMIUM]","2026-03-01 06:55:28.000","[PREMIUM]"
"44457898_44954564","2026-03-02 23:12:24.208","2026-03-10 17:37:29.175","44457898","62818141","44954564","58648206","[PREMIUM]","OK",2005,"CADILLAC","ESCALADE EXT","STANDARD","SPORT UTILITY","WHITE","AUTOMOBILE","VEHICLE","Truck","RS",,"6.0L V-8 345HP",8,"Automatic","AWD","Gasoline",false,"NORMAL WEAR & TEAR","WT",,,"Other","2","BillOfSale","CLR",,"NY",,false,true,true,"Starts",189021,"ACTUAL","mi","Intact",50,,"Present",,,false,"[PREMIUM]","[PREMIUM]","[PREMIUM]","2026-03-17 13:30:00.000",false,true,"USD","613","Long Island (NY)","NY","613~US","LI - Rice Court Yard - 613","21 Rice Ct","Medford","NY","11763","6312073477",40.81823,-72.96128,false,"RN","33","[PREMIUM]","RCC","Remarketing Vehicles","Mexico","DEA,DIS,EXP,REB,SCR",false,"[PREMIUM]","[PREMIUM]","2026-03-10 14:36:03.000","[PREMIUM]"
"44481610_44978317","2026-03-02 23:12:24.191","2026-03-02 23:12:24.191","44481610","62743764","44978317","58580549","[PREMIUM]","OK",2007,"NISSAN","ALTIMA HYBRID",,"SEDAN","GREEN","AUTOMOBILE","VEHICLE","Sedan","RS",,"2.5L I-4 DOHC, VVT, 158HP",4,"Automatic","FWD","Hybrid",true,"TRANSMISSION DAMAGE","TD",,,"Other","2","BillOfSale","CLR",,"FL",,false,true,true,"Starts",175360,"NOT REQUIRED/EXEMPT","mi","Intact",50,,"Present",,,false,"[PREMIUM]","[PREMIUM]","[PREMIUM]","2026-03-03 14:30:00.000",false,false,"USD","712","Jacksonville (FL)","FL","712~US","Jacksonville (Pecan Park)","186 Pecan Park Rd","Jacksonville","FL","32218","9047686500",30.51696,-81.62752,false,"C","43","[PREMIUM]","RCC","Donation","United States","DEA,DIS,EXP,LBU,REB,SCR",false,"[PREMIUM]","[PREMIUM]","2026-02-28 07:17:19.000","[PREMIUM]"
"44460996_44957663","2026-03-02 23:12:24.185","2026-03-02 23:12:24.185","44460996","62741411","44957663","58570511","[PREMIUM]","OK",2004,"CHEVROLET","MALIBU","LT","SEDAN","BLUE","AUTOMOBILE","VEHICLE","Sedan","RS",,"3.5L V-6 200HP",6,"Automatic","FWD","Gasoline",false,"NORMAL WEAR & TEAR","WT",,,"Other","2","BillOfSale","CLR",,"VA","CANNOT GET DUP TITLE",false,true,true,"Starts",208914,"ACTUAL","mi","Intact",50,,"Present",,,false,"[PREMIUM]","[PREMIUM]","[PREMIUM]","2026-03-03 14:30:00.000",false,false,"USD","765","Suffolk (VA)","VA","765~US","Suffolk","1389 Portsmouth Blvd.","Suffolk","VA","23434","7575390571",36.74922,-76.52014,false,"SAK","14","[PREMIUM]","RCC","Donation","United States","DEA,DIS,EXP,REB,SCR",false,"[PREMIUM]","[PREMIUM]","2026-03-01 06:55:22.000","[PREMIUM]"
"44482101_44978808","2026-03-02 23:12:24.182","2026-03-06 03:26:16.868","44482101","62818525","44978808","58649569","[PREMIUM]","OK",1995,"TOYOTA","LAND CRUISER",," ","BLACK","AUTOMOBILE","VEHICLE",,"RS",," ",,"Automatic",,"Other",false,"ROLLOVER","RO",,,"Other","2","BillOfSale","CLR",,"FL",,false,true,false,"Stationary",180092,"NOT REQUIRED/EXEMPT","mi","None",0,,"Present",,,false,"[PREMIUM]","[PREMIUM]","[PREMIUM]","2026-03-10 13:30:00.000",false,false,"USD","712","Jacksonville (FL)","FL","712~US","Jacksonville (Pecan Park)","186 Pecan Park Rd","Jacksonville","FL","32218","9047686500",30.51696,-81.62752,false,"B","30","[PREMIUM]","RCC","Remarketing Vehicles",,"DEA,DIS,EXP,LBU,REB,SCR",false,"[PREMIUM]","[PREMIUM]","2026-03-05 07:37:44.000","[PREMIUM]"
